{
  "kind": "singleType",
  "collectionName": "wx_sets",
  "info": {
    "singularName": "wx-set",
    "pluralName": "wx-sets",
    "displayName": "微信设置",
    "description": ""
  },
  "options": {
    "draftAndPublish": false
  },
  "pluginOptions": {},
  "attributes": {
    "appName": {
      "type": "string",
      "default": "枫瑞博客网-灵沐作品小程序"
    },
    "indexBg": {
      "type": "text",
      "default": "../../images/index-bg.jpg"
    },
    "logo": {
      "type": "string",
      "default": "https://cdn.frbkw.com/wp-center/uploads/2020/10/logo201020.png"
    },
    "shareTitle": {
      "type": "string"
    },
    "shareImg": {
      "type": "string"
    },
    "about": {
      "type": "richtext"
    },
    "jiliAd": {
      "type": "string"
    },
    "chapingAd": {
      "type": "string"
    },
    "videoAd": {
      "type": "string"
    },
    "adSwitch": {
      "type": "boolean",
      "default": true
    },
    "notice": {
      "type": "string"
    },
    "vajra": {
      "displayName": "vajra",
      "type": "component",
      "repeatable": true,
      "component": "vajras.vajra"
    },
    "indexType": {
      "type": "enumeration",
      "enum": [
        "Post",
        "Doc",
        "Image",
        "Topic",
        "BrushQuestion",
        "Speech",
        "HonBao"
      ],
      "default": "Post"
    },
    "popNotice": {
      "type": "string"
    },
    "copyUrl": {
      "type": "boolean",
      "default": false
    },
    "popNoticeUrl": {
      "type": "string"
    },
    "adCache": {
      "type": "boolean",
      "default": false
    },
    "attendviImg": {
      "type": "component",
      "repeatable": true,
      "component": "text-url.text-url"
    },
    "brushHost": {
      "type": "string"
    },
    "porcelain": {
      "type": "component",
      "repeatable": true,
      "component": "vajras.vajra"
    },
    "hot": {
      "displayName": "hot",
      "type": "component",
      "repeatable": true,
      "component": "hots.hot"
    },
    "showCategory": {
      "type": "string"
    }
  }
}
